{"cameraMode":{"drawMode":0,"name":"Shaded","section":"Shading Mode"},"sceneLighting":true,"audioPlay":false,"sceneViewState":{"m_AlwaysRefresh":false,"showFog":true,"showSkybox":true,"showFlares":true,"showImageEffects":true,"showParticleSystems":true,"showVisualEffectGraphs":true,"m_FxEnabled":true},"in2DMode":false,"pivot":{"x":50.046424865722659,"y":18.34156036376953,"z":73.77688598632813},"rotation":{"x":0.08035308122634888,"y":0.8713297843933106,"z":-0.1519845575094223,"w":0.4591764509677887},"size":0.38970988988876345,"orthographic":false}