{"cameraMode":{"drawMode":0,"name":"Shaded","section":"Shading Mode"},"sceneLighting":false,"audioPlay":false,"sceneViewState":{"m_AlwaysRefresh":false,"showFog":true,"showSkybox":false,"showFlares":true,"showImageEffects":true,"showParticleSystems":true,"showVisualEffectGraphs":true,"m_FxEnabled":true},"in2DMode":false,"pivot":{"x":61.92954635620117,"y":19.506784439086915,"z":71.9133071899414},"rotation":{"x":0.016194531694054605,"y":-0.9511116743087769,"z":0.05180693790316582,"w":0.30368906259536745},"size":0.3897120952606201,"orthographic":false}